name,surname,email,phone_number,department,position
Usuário,Eskive1,usuario.eskive.com,011999999999,Segurança da Informação,N/A
Usuário,Eskive2,usuario@eskive.com,011999999999,Tecnologia da Informação,Analista
Usuário,Eskive3,usuario@eskive.com,N/A,Recursos Humanos,-
Usuário,Eskive4,N/A,,Financeiro,N/A
Usuário,Eskive5,usuario@eskive,5,512E+12,Desenvolvimento,N/A
Usuário,Eskive6,,999999999,Marketing,N/A
Usuário,Eskive7,usuario@eskive.com,40008000,,@eskive.com
Usuário,Eskive8,N/A,55999999999,Financeiro,
Usuário,Eskive9,-,55999999999,Designers,-
Usuário,Eskive10,Eskive 10,---,Diretoria,Diretor de Criação
Usuário,Eskive11,usuario@eskive.com,5511999999999,Recursos Humanos,N/A
Usuário,Eskive12,usuario@skive.com,40048000 Ramal 123,,N
Usuário,Eskive13,Não consta,123,Diretoria,Diretor
Usuário,Eskive14,-,Ramal 123,Marketing,
Usuário,Eskive15,usuario@eskive.com,N/A,Financeiro,
